name	type	units	low_cutoff	high_cutoff	description	sampling_frequency	status	status_description
Fp1	EEG	µV	0.0	104.0	ElectroEncephaloGram	512.0	good	n/a
AFp1	EEG	µV	0.0	104.0	ElectroEncephaloGram	512.0	good	n/a
AF7	EEG	µV	0.0	104.0	ElectroEncephaloGram	512.0	good	n/a
AF3	EEG	µV	0.0	104.0	ElectroEncephaloGram	512.0	good	n/a
AFF5h	EEG	µV	0.0	104.0	ElectroEncephaloGram	512.0	good	n/a
AFF1h	EEG	µV	0.0	104.0	ElectroEncephaloGram	512.0	good	n/a
F9	EEG	µV	0.0	104.0	ElectroEncephaloGram	512.0	good	n/a
F7	EEG	µV	0.0	104.0	ElectroEncephaloGram	512.0	good	n/a
F5	EEG	µV	0.0	104.0	ElectroEncephaloGram	512.0	good	n/a
F3	EEG	µV	0.0	104.0	ElectroEncephaloGram	512.0	good	n/a
F1	EEG	µV	0.0	104.0	ElectroEncephaloGram	512.0	good	n/a
FFT9h	EEG	µV	0.0	104.0	ElectroEncephaloGram	512.0	good	n/a
FFT7h	EEG	µV	0.0	104.0	ElectroEncephaloGram	512.0	good	n/a
FFC5h	EEG	µV	0.0	104.0	ElectroEncephaloGram	512.0	good	n/a
FFC3h	EEG	µV	0.0	104.0	ElectroEncephaloGram	512.0	good	n/a
FFC1h	EEG	µV	0.0	104.0	ElectroEncephaloGram	512.0	good	n/a
FT9	EEG	µV	0.0	104.0	ElectroEncephaloGram	512.0	good	n/a
FT7	EEG	µV	0.0	104.0	ElectroEncephaloGram	512.0	good	n/a
FC5	EEG	µV	0.0	104.0	ElectroEncephaloGram	512.0	good	n/a
FC3	EEG	µV	0.0	104.0	ElectroEncephaloGram	512.0	good	n/a
FC1	EEG	µV	0.0	104.0	ElectroEncephaloGram	512.0	good	n/a
FTT9h	EEG	µV	0.0	104.0	ElectroEncephaloGram	512.0	good	n/a
FTT7h	EEG	µV	0.0	104.0	ElectroEncephaloGram	512.0	good	n/a
FCC5h	EEG	µV	0.0	104.0	ElectroEncephaloGram	512.0	good	n/a
FCC3h	EEG	µV	0.0	104.0	ElectroEncephaloGram	512.0	good	n/a
FCC1h	EEG	µV	0.0	104.0	ElectroEncephaloGram	512.0	good	n/a
T7	EEG	µV	0.0	104.0	ElectroEncephaloGram	512.0	good	n/a
C5	EEG	µV	0.0	104.0	ElectroEncephaloGram	512.0	good	n/a
C3	EEG	µV	0.0	104.0	ElectroEncephaloGram	512.0	good	n/a
C1	EEG	µV	0.0	104.0	ElectroEncephaloGram	512.0	good	n/a
TTP7h	EEG	µV	0.0	104.0	ElectroEncephaloGram	512.0	good	n/a
CCP5h	EEG	µV	0.0	104.0	ElectroEncephaloGram	512.0	good	n/a
CCP3h	EEG	µV	0.0	104.0	ElectroEncephaloGram	512.0	good	n/a
CCP1h	EEG	µV	0.0	104.0	ElectroEncephaloGram	512.0	good	n/a
TP9	EEG	µV	0.0	104.0	ElectroEncephaloGram	512.0	good	n/a
TP7	EEG	µV	0.0	104.0	ElectroEncephaloGram	512.0	good	n/a
CP5	EEG	µV	0.0	104.0	ElectroEncephaloGram	512.0	good	n/a
CP3	EEG	µV	0.0	104.0	ElectroEncephaloGram	512.0	good	n/a
CP1	EEG	µV	0.0	104.0	ElectroEncephaloGram	512.0	good	n/a
CPz	EEG	µV	0.0	104.0	ElectroEncephaloGram	512.0	good	n/a
TPP7h	EEG	µV	0.0	104.0	ElectroEncephaloGram	512.0	good	n/a
CPP5h	EEG	µV	0.0	104.0	ElectroEncephaloGram	512.0	good	n/a
CPP3h	EEG	µV	0.0	104.0	ElectroEncephaloGram	512.0	good	n/a
CPP1h	EEG	µV	0.0	104.0	ElectroEncephaloGram	512.0	good	n/a
P9	EEG	µV	0.0	104.0	ElectroEncephaloGram	512.0	good	n/a
P7	EEG	µV	0.0	104.0	ElectroEncephaloGram	512.0	good	n/a
P5	EEG	µV	0.0	104.0	ElectroEncephaloGram	512.0	good	n/a
P3	EEG	µV	0.0	104.0	ElectroEncephaloGram	512.0	good	n/a
P1	EEG	µV	0.0	104.0	ElectroEncephaloGram	512.0	good	n/a
Pz	EEG	µV	0.0	104.0	ElectroEncephaloGram	512.0	good	n/a
PPO9h	EEG	µV	0.0	104.0	ElectroEncephaloGram	512.0	good	n/a
PPO5h	EEG	µV	0.0	104.0	ElectroEncephaloGram	512.0	good	n/a
PPO1h	EEG	µV	0.0	104.0	ElectroEncephaloGram	512.0	good	n/a
PO7	EEG	µV	0.0	104.0	ElectroEncephaloGram	512.0	good	n/a
PO3	EEG	µV	0.0	104.0	ElectroEncephaloGram	512.0	good	n/a
POz	EEG	µV	0.0	104.0	ElectroEncephaloGram	512.0	good	n/a
PO9	EEG	µV	0.0	104.0	ElectroEncephaloGram	512.0	good	n/a
POO9h	EEG	µV	0.0	104.0	ElectroEncephaloGram	512.0	good	n/a
O1	EEG	µV	0.0	104.0	ElectroEncephaloGram	512.0	good	n/a
POO1	EEG	µV	0.0	104.0	ElectroEncephaloGram	512.0	good	n/a
I1	EEG	µV	0.0	104.0	ElectroEncephaloGram	512.0	good	n/a
OI1h	EEG	µV	0.0	104.0	ElectroEncephaloGram	512.0	good	n/a
Oz	EEG	µV	0.0	104.0	ElectroEncephaloGram	512.0	good	n/a
Iz	EEG	µV	0.0	104.0	ElectroEncephaloGram	512.0	good	n/a
Fpz	EEG	µV	0.0	104.0	ElectroEncephaloGram	512.0	good	n/a
Fp2	EEG	µV	0.0	104.0	ElectroEncephaloGram	512.0	good	n/a
AFp2	EEG	µV	0.0	104.0	ElectroEncephaloGram	512.0	good	n/a
AFz	EEG	µV	0.0	104.0	ElectroEncephaloGram	512.0	good	n/a
AF4	EEG	µV	0.0	104.0	ElectroEncephaloGram	512.0	good	n/a
AF8	EEG	µV	0.0	104.0	ElectroEncephaloGram	512.0	good	n/a
AFF2h	EEG	µV	0.0	104.0	ElectroEncephaloGram	512.0	good	n/a
AFF6h	EEG	µV	0.0	104.0	ElectroEncephaloGram	512.0	good	n/a
Fz	EEG	µV	0.0	104.0	ElectroEncephaloGram	512.0	good	n/a
F2	EEG	µV	0.0	104.0	ElectroEncephaloGram	512.0	good	n/a
F4	EEG	µV	0.0	104.0	ElectroEncephaloGram	512.0	good	n/a
F6	EEG	µV	0.0	104.0	ElectroEncephaloGram	512.0	good	n/a
F8	EEG	µV	0.0	104.0	ElectroEncephaloGram	512.0	good	n/a
F10	EEG	µV	0.0	104.0	ElectroEncephaloGram	512.0	good	n/a
FFC2h	EEG	µV	0.0	104.0	ElectroEncephaloGram	512.0	good	n/a
FFC4h	EEG	µV	0.0	104.0	ElectroEncephaloGram	512.0	good	n/a
FFC6h	EEG	µV	0.0	104.0	ElectroEncephaloGram	512.0	good	n/a
FFT8h	EEG	µV	0.0	104.0	ElectroEncephaloGram	512.0	good	n/a
FFT10h	EEG	µV	0.0	104.0	ElectroEncephaloGram	512.0	good	n/a
FCz	EEG	µV	0.0	104.0	ElectroEncephaloGram	512.0	good	n/a
FC2	EEG	µV	0.0	104.0	ElectroEncephaloGram	512.0	good	n/a
FC4	EEG	µV	0.0	104.0	ElectroEncephaloGram	512.0	good	n/a
FC6	EEG	µV	0.0	104.0	ElectroEncephaloGram	512.0	good	n/a
FT8	EEG	µV	0.0	104.0	ElectroEncephaloGram	512.0	good	n/a
FT10	EEG	µV	0.0	104.0	ElectroEncephaloGram	512.0	good	n/a
FCC2h	EEG	µV	0.0	104.0	ElectroEncephaloGram	512.0	good	n/a
FCC4h	EEG	µV	0.0	104.0	ElectroEncephaloGram	512.0	good	n/a
FCC6h	EEG	µV	0.0	104.0	ElectroEncephaloGram	512.0	good	n/a
FTT8h	EEG	µV	0.0	104.0	ElectroEncephaloGram	512.0	good	n/a
FTT10h	EEG	µV	0.0	104.0	ElectroEncephaloGram	512.0	good	n/a
Cz	EEG	µV	0.0	104.0	ElectroEncephaloGram	512.0	good	n/a
C2	EEG	µV	0.0	104.0	ElectroEncephaloGram	512.0	good	n/a
C4	EEG	µV	0.0	104.0	ElectroEncephaloGram	512.0	good	n/a
C6	EEG	µV	0.0	104.0	ElectroEncephaloGram	512.0	good	n/a
T8	EEG	µV	0.0	104.0	ElectroEncephaloGram	512.0	good	n/a
CCP2h	EEG	µV	0.0	104.0	ElectroEncephaloGram	512.0	good	n/a
CCP4h	EEG	µV	0.0	104.0	ElectroEncephaloGram	512.0	good	n/a
CCP6h	EEG	µV	0.0	104.0	ElectroEncephaloGram	512.0	good	n/a
TTP8h	EEG	µV	0.0	104.0	ElectroEncephaloGram	512.0	good	n/a
CP2	EEG	µV	0.0	104.0	ElectroEncephaloGram	512.0	good	n/a
CP4	EEG	µV	0.0	104.0	ElectroEncephaloGram	512.0	good	n/a
CP6	EEG	µV	0.0	104.0	ElectroEncephaloGram	512.0	good	n/a
TP8	EEG	µV	0.0	104.0	ElectroEncephaloGram	512.0	good	n/a
TP10	EEG	µV	0.0	104.0	ElectroEncephaloGram	512.0	good	n/a
CPP2h	EEG	µV	0.0	104.0	ElectroEncephaloGram	512.0	good	n/a
CPP4h	EEG	µV	0.0	104.0	ElectroEncephaloGram	512.0	good	n/a
CPP6h	EEG	µV	0.0	104.0	ElectroEncephaloGram	512.0	good	n/a
TPP8h	EEG	µV	0.0	104.0	ElectroEncephaloGram	512.0	good	n/a
P2	EEG	µV	0.0	104.0	ElectroEncephaloGram	512.0	good	n/a
P4	EEG	µV	0.0	104.0	ElectroEncephaloGram	512.0	good	n/a
P6	EEG	µV	0.0	104.0	ElectroEncephaloGram	512.0	good	n/a
P8	EEG	µV	0.0	104.0	ElectroEncephaloGram	512.0	good	n/a
P10	EEG	µV	0.0	104.0	ElectroEncephaloGram	512.0	good	n/a
PPO2h	EEG	µV	0.0	104.0	ElectroEncephaloGram	512.0	good	n/a
PPO6h	EEG	µV	0.0	104.0	ElectroEncephaloGram	512.0	good	n/a
PPO10h	EEG	µV	0.0	104.0	ElectroEncephaloGram	512.0	good	n/a
PO4	EEG	µV	0.0	104.0	ElectroEncephaloGram	512.0	good	n/a
PO8	EEG	µV	0.0	104.0	ElectroEncephaloGram	512.0	good	n/a
PO10	EEG	µV	0.0	104.0	ElectroEncephaloGram	512.0	good	n/a
POO2	EEG	µV	0.0	104.0	ElectroEncephaloGram	512.0	good	n/a
O2	EEG	µV	0.0	104.0	ElectroEncephaloGram	512.0	good	n/a
POO10h	EEG	µV	0.0	104.0	ElectroEncephaloGram	512.0	good	n/a
OI2h	EEG	µV	0.0	104.0	ElectroEncephaloGram	512.0	good	n/a
I2	EEG	µV	0.0	104.0	ElectroEncephaloGram	512.0	good	n/a
M1	EEG	µV	0.0	104.0	ElectroEncephaloGram	512.0	good	n/a
M2	EEG	µV	0.0	104.0	ElectroEncephaloGram	512.0	good	n/a
LO1	EOG	µV	0.0	104.0	ElectroOculoGram	512.0	good	n/a
LO2	EOG	µV	0.0	104.0	ElectroOculoGram	512.0	good	n/a
IO1	EOG	µV	0.0	104.0	ElectroOculoGram	512.0	good	n/a
SO1	EOG	µV	0.0	104.0	ElectroOculoGram	512.0	good	n/a
IO2	MISC	µV	0.0	104.0	Miscellaneous	512.0	good	n/a
ECG	ECG	µV	0.0	104.0	ElectroCardioGram	512.0	good	n/a
GSR1	GSR	nS	0.0	104.0	Galvanic skin response (electrodermal activity, EDA)	512.0	bad	Constant (zero peak-to-peak) over the first 60 s: auxiliary input not connected
GSR2	GSR	nS	0.0	104.0	Galvanic skin response (electrodermal activity, EDA)	512.0	bad	Constant (zero peak-to-peak) over the first 60 s: auxiliary input not connected
Erg1	MISC	µV	0.0	104.0	Miscellaneous	512.0	bad	Constant (zero peak-to-peak) over the first 60 s: auxiliary input not connected
Erg2	MISC	µV	0.0	104.0	Miscellaneous	512.0	bad	Constant (zero peak-to-peak) over the first 60 s: auxiliary input not connected
Resp	RESP	µV	0.0	104.0	Respiration	512.0	bad	Constant (zero peak-to-peak) over the first 60 s: auxiliary input not connected
Plet	MISC	µV	0.0	104.0	Miscellaneous	512.0	bad	Constant (zero peak-to-peak) over the first 60 s: auxiliary input not connected
Temp	TEMP	n/a	0.0	104.0	Temperature	512.0	bad	Constant (zero peak-to-peak) over the first 60 s: auxiliary input not connected
Status	TRIG	n/a	0.0	104.0	Trigger	512.0	good	n/a
