onset	duration	trial_type	value	sample
12.291015625	0.0	run_start	30	6293
13.736328125	0.0	stim_onset_6hz	2	7033
17.048828125	0.0	stim_onset_6hz	2	8729
20.296875	0.0	stim_onset_6hz	2	10392
23.900390625	0.0	stim_onset_4hz	1	12237
28.67578125	0.0	feedback_window_end_4hz	11	14682
28.802734375	0.0	stim_onset_6hz	2	14747
32.404296875	0.0	stim_onset_6hz	2	16591
35.58984375	0.0	stim_onset_4hz	1	18222
39.12109375	0.0	stim_onset_4hz	1	20030
42.650390625	0.0	stim_onset_6hz	2	21837
46.041015625	0.0	stim_onset_6hz	2	23573
49.26953125	0.0	stim_onset_6hz	2	25226
52.72265625	0.0	stim_onset_6hz	2	26994
56.0	0.0	stim_onset_6hz	2	28672
60.375	0.0	feedback_window_end_6hz	22	30912
60.48828125	0.0	stim_onset_4hz	1	30970
65.16796875	0.0	feedback_window_end_4hz	11	33366
65.255859375	0.0	stim_onset_4hz	1	33411
68.521484375	0.0	stim_onset_4hz	1	35083
71.69921875	0.0	stim_onset_4hz	1	36710
75.046875	0.0	stim_onset_4hz	1	38424
79.697265625	0.0	feedback_window_end_4hz	11	40805
79.822265625	0.0	stim_onset_6hz	2	40869
83.0703125	0.0	stim_onset_6hz	2	42532
86.2578125	0.0	stim_onset_6hz	2	44164
89.55859375	0.0	stim_onset_4hz	1	45854
92.98828125	0.0	stim_onset_4hz	1	47610
96.18359375	0.0	stim_onset_4hz	1	49246
99.818359375	0.0	stim_onset_4hz	1	51107
103.134765625	0.0	stim_onset_6hz	2	52805
106.43359375	0.0	stim_onset_4hz	1	54494
109.607421875	0.0	stim_onset_4hz	1	56119
112.91015625	0.0	stim_onset_4hz	1	57810
116.072265625	0.0	stim_onset_6hz	2	59429
119.4921875	0.0	stim_onset_4hz	1	61180
123.025390625	0.0	stim_onset_6hz	2	62989
126.474609375	0.0	stim_onset_6hz	2	64755
129.66015625	0.0	stim_onset_6hz	2	66386
132.84375	0.0	stim_onset_4hz	1	68016
136.3984375	0.0	stim_onset_6hz	2	69836
139.98828125	0.0	stim_onset_6hz	2	71674
143.455078125	0.0	stim_onset_4hz	1	73449
146.603515625	0.0	stim_onset_4hz	1	75061
150.115234375	0.0	stim_onset_4hz	1	76859
153.3828125	0.0	stim_onset_4hz	1	78532
156.6328125	0.0	stim_onset_6hz	2	80196
160.099609375	0.0	stim_onset_4hz	1	81971
163.19921875	0.0	stim_onset_6hz	2	83558
166.31640625	0.0	stim_onset_4hz	1	85154
169.748046875	0.0	stim_onset_6hz	2	86911
173.1484375	0.0	stim_onset_4hz	1	88652
176.515625	0.0	stim_onset_6hz	2	90376
181.4140625	0.0	feedback_window_end_6hz	22	92884
181.5	0.0	stim_onset_6hz	2	92928
184.982421875	0.0	stim_onset_4hz	1	94711
193.6875	0.0	stim_onset_4hz	1	99168
196.84765625	0.0	stim_onset_4hz	1	100786
200.03125	0.0	stim_onset_6hz	2	102416
203.23046875	0.0	stim_onset_4hz	1	104054
206.48046875	0.0	stim_onset_4hz	1	105718
210.935546875	0.0	feedback_window_end_4hz	11	107999
211.01953125	0.0	stim_onset_6hz	2	108042
215.7734375	0.0	feedback_window_end_6hz	22	110476
215.84765625	0.0	stim_onset_6hz	2	110514
219.298828125	0.0	stim_onset_4hz	1	112281
222.681640625	0.0	stim_onset_4hz	1	114013
225.880859375	0.0	stim_onset_6hz	2	115651
230.21484375	0.0	feedback_window_end_6hz	22	117870
230.298828125	0.0	stim_onset_4hz	1	117913
235.294921875	0.0	feedback_window_end_4hz	11	120471
235.380859375	0.0	stim_onset_4hz	1	120515
238.763671875	0.0	stim_onset_4hz	1	122247
242.013671875	0.0	stim_onset_6hz	2	123911
245.197265625	0.0	stim_onset_4hz	1	125541
248.61328125	0.0	stim_onset_6hz	2	127290
252.212890625	0.0	stim_onset_4hz	1	129133
255.400390625	0.0	stim_onset_6hz	2	130765
258.62890625	0.0	stim_onset_4hz	1	132418
261.9296875	0.0	stim_onset_6hz	2	134108
265.0625	0.0	stim_onset_6hz	2	135712
268.49609375	0.0	stim_onset_4hz	1	137470
271.794921875	0.0	stim_onset_6hz	2	139159
275.37890625	0.0	stim_onset_4hz	1	140994
278.6796875	0.0	stim_onset_6hz	2	142684
282.095703125	0.0	stim_onset_6hz	2	144433
285.27734375	0.0	stim_onset_4hz	1	146062
288.560546875	0.0	stim_onset_6hz	2	147743
291.74609375	0.0	stim_onset_6hz	2	149374
295.228515625	0.0	stim_onset_6hz	2	151157
298.76171875	0.0	stim_onset_4hz	1	152966
302.029296875	0.0	stim_onset_6hz	2	154639
305.478515625	0.0	stim_onset_6hz	2	156405
308.728515625	0.0	stim_onset_6hz	2	158069
312.095703125	0.0	stim_onset_6hz	2	159793
315.611328125	0.0	stim_onset_4hz	1	161593
319.01171875	0.0	stim_onset_4hz	1	163334
322.279296875	0.0	stim_onset_4hz	1	165007
325.52734375	0.0	stim_onset_6hz	2	166670
330.150390625	0.0	feedback_window_end_6hz	22	169037
330.228515625	0.0	stim_onset_6hz	2	169077
333.51171875	0.0	stim_onset_6hz	2	170758
336.89453125	0.0	stim_onset_4hz	1	172490
340.361328125	0.0	stim_onset_4hz	1	174265
343.677734375	0.0	stim_onset_6hz	2	175963
346.994140625	0.0	stim_onset_6hz	2	177661
350.16015625	0.0	stim_onset_4hz	1	179282
353.27734375	0.0	stim_onset_4hz	1	180878
356.525390625	0.0	stim_onset_4hz	1	182541
359.775390625	0.0	stim_onset_6hz	2	184205
363.2109375	0.0	stim_onset_4hz	1	185964
379.69140625	0.0	stim_onset_4hz	1	194402
383.091796875	0.0	stim_onset_4hz	1	196143
386.474609375	0.0	stim_onset_6hz	2	197875
389.841796875	0.0	stim_onset_4hz	1	199599
393.07421875	0.0	stim_onset_6hz	2	201254
396.291015625	0.0	stim_onset_6hz	2	202901
399.625	0.0	stim_onset_6hz	2	204608
404.322265625	0.0	feedback_window_end_6hz	22	207013
404.453125	0.0	stim_onset_6hz	2	207080
416.423828125	0.0	stim_onset_4hz	1	213209
419.580078125	0.0	stim_onset_4hz	1	214825
422.984375	0.0	stim_onset_4hz	1	216568
426.197265625	0.0	stim_onset_6hz	2	218213
429.7421875	0.0	stim_onset_4hz	1	220028
433.39453125	0.0	stim_onset_4hz	1	221898
436.611328125	0.0	stim_onset_4hz	1	223545
440.21484375	0.0	stim_onset_4hz	1	225390
443.365234375	0.0	stim_onset_6hz	2	227003
446.86328125	0.0	stim_onset_6hz	2	228794
451.71875	0.0	feedback_window_end_6hz	22	231280
451.837890625	0.0	stim_onset_4hz	1	231341
455.443359375	0.0	stim_onset_4hz	1	233187
460.3984375	0.0	feedback_window_end_4hz	11	235724
460.541015625	0.0	stim_onset_4hz	1	235797
463.765625	0.0	stim_onset_6hz	2	237448
467.04296875	0.0	stim_onset_6hz	2	239126
470.283203125	0.0	stim_onset_6hz	2	240785
473.478515625	0.0	stim_onset_4hz	1	242421
476.68359375	0.0	stim_onset_6hz	2	244062
480.14453125	0.0	stim_onset_4hz	1	245834
483.76171875	0.0	stim_onset_6hz	2	247686
487.091796875	0.0	stim_onset_6hz	2	249391
490.44140625	0.0	stim_onset_4hz	1	251106
494.0703125	0.0	stim_onset_6hz	2	252964
497.685546875	0.0	stim_onset_4hz	1	254815
501.177734375	0.0	stim_onset_6hz	2	256603
504.81640625	0.0	stim_onset_6hz	2	258466
509.568359375	0.0	feedback_window_end_6hz	22	260899
509.685546875	0.0	stim_onset_6hz	2	260959
513.171875	0.0	stim_onset_4hz	1	262744
516.447265625	0.0	stim_onset_6hz	2	264421
519.7265625	0.0	stim_onset_4hz	1	266100
523.2109375	0.0	stim_onset_4hz	1	267884
526.62890625	0.0	stim_onset_4hz	1	269634
529.982421875	0.0	stim_onset_4hz	1	271351
533.419921875	0.0	stim_onset_6hz	2	273111
536.951171875	0.0	stim_onset_6hz	2	274919
548.197265625	0.0	stim_onset_4hz	1	280677
551.634765625	0.0	stim_onset_4hz	1	282437
555.0859375	0.0	stim_onset_6hz	2	284204
558.478515625	0.0	stim_onset_6hz	2	285941
561.69921875	0.0	stim_onset_4hz	1	287590
566.74609375	0.0	feedback_window_end_4hz	11	290174
566.865234375	0.0	stim_onset_6hz	2	290235
570.220703125	0.0	stim_onset_6hz	2	291953
585.0078125	0.0	stim_onset_6hz	2	299524
588.509765625	0.0	stim_onset_4hz	1	301317
591.71875	0.0	stim_onset_4hz	1	302960
595.296875	0.0	stim_onset_6hz	2	304792
598.537109375	0.0	stim_onset_4hz	1	306451
601.978515625	0.0	stim_onset_6hz	2	308213
605.306640625	0.0	stim_onset_4hz	1	309917
608.84765625	0.0	stim_onset_6hz	2	311730
613.541015625	0.0	feedback_window_end_6hz	22	314133
613.65625	0.0	stim_onset_4hz	1	314192
617.23046875	0.0	stim_onset_4hz	1	316022
620.55859375	0.0	stim_onset_6hz	2	317726
623.93359375	0.0	stim_onset_6hz	2	319454
628.634765625	0.0	feedback_window_end_6hz	22	321861
628.744140625	0.0	stim_onset_4hz	1	321917
632.392578125	0.0	stim_onset_4hz	1	323785
635.634765625	0.0	stim_onset_4hz	1	325445
639.134765625	0.0	stim_onset_6hz	2	327237
642.58203125	0.0	stim_onset_4hz	1	329002
646.0625	0.0	stim_onset_6hz	2	330784
649.400390625	0.0	stim_onset_6hz	2	332493
652.87109375	0.0	stim_onset_6hz	2	334270
656.421875	0.0	stim_onset_6hz	2	336088
659.541015625	0.0	stim_onset_4hz	1	337685
662.755859375	0.0	stim_onset_6hz	2	339331
667.771484375	0.0	feedback_window_end_6hz	22	341899
667.900390625	0.0	stim_onset_4hz	1	341965
671.220703125	0.0	stim_onset_6hz	2	343665
674.572265625	0.0	stim_onset_4hz	1	345381
677.763671875	0.0	stim_onset_4hz	1	347015
681.01171875	0.0	stim_onset_4hz	1	348678
684.306640625	0.0	stim_onset_6hz	2	350365
687.6171875	0.0	stim_onset_4hz	1	352060
690.8125	0.0	stim_onset_6hz	2	353696
694.115234375	0.0	stim_onset_4hz	1	355387
698.8203125	0.0	feedback_window_end_4hz	11	357796
698.93359375	0.0	stim_onset_4hz	1	357854
702.130859375	0.0	stim_onset_6hz	2	359491
705.748046875	0.0	stim_onset_6hz	2	361343
709.091796875	0.0	stim_onset_6hz	2	363055
712.26953125	0.0	stim_onset_6hz	2	364682
715.599609375	0.0	stim_onset_6hz	2	366387
719.115234375	0.0	stim_onset_6hz	2	368187
722.712890625	0.0	stim_onset_4hz	1	370029
726.115234375	0.0	stim_onset_6hz	2	371771
729.59375	0.0	stim_onset_6hz	2	373552
733.251953125	0.0	stim_onset_4hz	1	375425
736.43359375	0.0	stim_onset_4hz	1	377054
739.712890625	0.0	stim_onset_4hz	1	378733
742.90234375	0.0	stim_onset_4hz	1	380366
746.140625	0.0	stim_onset_4hz	1	382024
749.67578125	0.0	stim_onset_4hz	1	383834
753.19921875	0.0	stim_onset_6hz	2	385638
758.1328125	0.0	feedback_window_end_6hz	22	388164
758.259765625	0.0	stim_onset_6hz	2	388229
763.408203125	0.0	run_end	20	390865
